매장명,매장주소
본 죽&비빔밥 대구침산네거리점,대구광역시 북구 침산로 154 (침산동)
본 죽&비빔밥 대구구병원점,대구광역시 달서구 달구벌대로 1600 (감삼동)
본 죽&비빔밥 대구목련시장점,대구광역시 수성구 용학로 198 (지산동)
본 죽&비빔밥 대구수성교점,"대구광역시 수성구 달구벌대로 2315 (수성동4가, 수성 롯데캐슬) 114호"
본도시락 대구칠곡3지구점,대구광역시 북구 동암로 128-12 (구암동) 1층 101호
본도시락 대구율하점,대구광역시 동구 율하동 1159 1층
본설렁탕 대구칠곡점,대구광역시 북구 동천로23길 30-23 (동천동) 108호
본설렁탕 수성네거리점,대구광역시 수성구 들안로64길 15 (수성동3가) 106호
본 죽&비빔밥 대구범물동아백화점점,대구광역시 수성구 용학로 293 (지산동) 1층
본 죽&비빔밥 대구신매시장점,"대구광역시 수성구 신매로 91 (신매동, 시지삼주한라협화타운) 112동 106호"
본도시락 대구현풍점,"대구광역시 달성군 유가읍 테크노중앙대로 254 (봉리, 하이젠스타) 107호"
본 죽&비빔밥 대구서부정류장점,대구광역시 달서구 월배로 457 (송현동) 1층
본도시락 대구만촌점,"대구광역시 수성구 달구벌대로 2690 (만촌동, 만촌화성파크드림2차) 상가105호"
본도시락 대구다사점,대구 달성군 다사읍 매곡리 1521-12 1층
본도시락 대구서부정류장점,대구광역시 달서구 학산로 245 (송현동) 1층
본 죽&비빔밥 대구연경점,대구광역시 북구 동화천로 237 (연경동) 1층
본 죽&비빔밥 대구서구청점,대구광역시 서구 국채보상로 248 (평리동) 1층
본 죽&비빔밥 대구칠호광장점,대구광역시 서구 달구벌대로 1727-1 (내당동) 2층
본 죽&비빔밥 대구율하점,"대구 동구 안심로16길 47 (율하동, 율하동 타임스퀘어) 114호"
본도시락 대구시지점,대구광역시 수성구 신매로 32 (신매동) 1층
본도시락 대구범물지산점,대구광역시 수성구 지범로39길 11-10 (범물동) 1층
본도시락 동대구역점,대구광역시 동구 효신로 69 (신천동)
본 죽&비빔밥 대구동성로중앙점,대구광역시 중구 중앙대로 388 (동성로3가)
본 죽&비빔밥 대구사월점,"대구광역시 수성구 달구벌대로 3304 (신매동, 사월화성파크드림) 상가110동 2호"
본 죽&비빔밥 대구매천점,대구광역시 북구 학정로 50 (태전동)
본 죽&비빔밥 대구알파시티점,"대구광역시 수성구 알파시티2로 27 (시지동, 수성메트로)"
본 죽&비빔밥 대구구지점,대구광역시 달성군 구지면 과학마을로 48
본죽 대구세천점,대구광역시 달성군 다사읍 세천로 160 (북죽곡엠코타운더솔레뉴) 301동 101호
본도시락 대구이시아폴리스점,대구광역시 동구 팔공로51길 3 (봉무동) 114호
본 죽&비빔밥 대구대명영대병원점,대구광역시 남구 중앙대로 141 (대명동)
본도시락 대구용산점,대구광역시 달서구 한들로 15. 1층
본죽 대구황금동점,대구광역시 수성구 청수로 202 (지산동)
본죽 대구유천점,대구광역시 달서구 조암남로 170 (유천동) 신성메디타워 1층 108호
본죽 대구월배점,대구광역시 달서구 상원로 142 상인자이아파트 상가동105호
본죽 대구대봉교점,대구광역시 남구 명덕로 322
본도시락 대구성서점,대구광역시 달서구 계대동문로 123 성서우방타운 118동 113호
본 죽&비빔밥 대구가톨릭병원점,대구광역시 남구 두류공원로 91 1층
본 죽&비빔밥 대구효성타운점,대구광역시 남구 효성로 58 (봉덕동) 1층
본죽 대구칠곡동아백화점점,대구광역시 북구 구암로 103
본죽 대구화원점,대구광역시 달성군 화원읍 사문진로 447
본죽 대구현풍점,대구광역시 달성군 현풍면 현풍중앙로 46-1
본 죽&비빔밥 대구테크노폴리스점,대구광역시 달성군 현풍읍 테크노중앙대로 243 (타임스퀘어) 1층 107호(타임스퀘어)
본죽 대구송라시장점,대구광역시 동구 동부로 19
본도시락 대구두류점,대구광역시 달서구 달구벌대로 1726-12 1층
본 죽&비빔밥 칠곡경북대병원점,대구광역시 북구 호국로 807-35 1층
본도시락 대구범어점,대구광역시 수성구 상록로2길 72 (범어동)
본 죽&비빔밥 대구경북대병원점,대구광역시 중구 동덕로 129 (삼덕동2가)
본 죽&비빔밥 대구중구남산점,"대구광역시 중구 달구벌대로 1950 (남산동, 남산그린타운) 1층"
본 죽&비빔밥 대구상인롯데점,"대구광역시 달서구 상인서로 103-6 (상인동, 리젠트프라자)"
본도시락 대구신서혁신점,대구광역시 동구 첨복로 27 (신서동) 104호
본죽 대구반야월점,대구광역시 동구 금강로 16 (동호동) 1층
본도시락 대구동성로점,대구광역시 중구 중앙대로 417.1층
본 죽&비빔밥 대구MBC네거리점,대구광역시 수성구 동대구로 389 (범어동)
본죽 대구남문시장점,"대구광역시 중구 명륜로 72(남산동,1층)"
본 죽&비빔밥 대구금호점,대구광역시 북구 내곡로 36 (사수동)
본 죽&비빔밥 대구대곡역점,대구광역시 달성군 화원읍 비슬로 2727 1층
본 죽&비빔밥 대구동산병원점,대구광역시 중구 국채보상로 468 (대신동) 1층
본 죽&비빔밥 대구달서구청점,"대구광역시 달서구 학산로 7길 5 월성동, 월성동서타운)"
본도시락 대구침산점,대구광역시 북구 침산로 153 명성푸르지오아파트 104동 1층 D2-3호
본 죽&비빔밥 대구만촌이마트점,대구광역시 수성구 동원로 135 네트로팔레스상가 821동 107호
본 죽&비빔밥 대구북구청점,대구광역시 북구 원대로 91 (노원동1가)
본 죽&비빔밥 대구파티마병원점,대구광역시 동구 아양로 77 (신암동) 1층
본도시락 대구영남대병원점,대구광역시 남구 대명로 282-1
본 죽&비빔밥 대구성서점,대구광역시 달서구 이곡동로 23 (이곡동)
본죽 대구팔달시장점,대구광역시 서구 팔달로 178 (원대동3가)
본 죽&비빔밥 대구칠곡점,대구광역시 북구 학정로 429 로데오프라자 101호
본도시락 대구엑스코점,대구광역시 북구 유통단지로8길 76 (산격동) 2층
본죽 대명안지랑점,대구광역시 남구 대명로 163 (대명동)
본죽 대구만촌역점,대구광역시 수성구 달구벌대로 2602 (만촌동)
본죽 대구감삼드림시티점,대구광역시 달서구 장기로 240 (장기동)
본도시락 대구수성점,"대구광역시 수성구 달구벌대로 2315 (수성동4가, 수성 롯데캐슬) 상가 108호"
본죽 대구칠곡관음점,대구광역시 북구 칠곡중앙대로 483 103동 1403호
본죽 대구두산[트럼프월드]점,대구광역시 수성구 상화로 142 (두산동)
본 죽&비빔밥 대구용산장기점,대구광역시 달서구 용산로 141 그랜드M 타워
본 죽&비빔밥 대구시지점,대구광역시 수성구 달구벌대로 3188 아레나 스포츠센타 1층
본도시락 대구월배점,대구광역시 달서구 상원로 117 (상인동)
본 죽&비빔밥 대구신서혁신지구점,대구광역시 동구 첨단로8길 1 미소빌딩 104호
본죽 대구수성뉴타운쌍용예가점,"대구광역시 수성구 명덕로 477 (범어동, 범어쌍용예가아파트) 쌍용예가 상가 118호"
본 죽&비빔밥 대구성당뉴타운점,대구광역시 달서구 당산로 39 성당 래미안 e-편한세상
본죽 대구이시아폴리스점,대구광역시 동구 팔공로51길 11 (봉무동) 107호
본도시락 대구경북대학교점,대구광역시 북구 대학로17길 5 (산격동)
본죽 대구방촌시장점,대구광역시 동구 동촌로 214-1 (방촌동)
본도시락 대구경대병원역점,"대구광역시 중구 동덕로 109 (삼덕동2가, 아진맨션아파트) 1층"
본죽 대구침산점,대구광역시 북구 호암로 30 (칠성동2가)
본죽 대구진천역점,"대구광역시 달서구 월배로 71 (진천동, 진천트윈팰리스) 진천트윈팰리스 1층 106호"
본죽 대구서재점,대구광역시 달성군 다사읍 서재로 121
본 죽&비빔밥 대구동성로점,대구광역시 중구 동성로 57 (동성로2가)
본 죽&비빔밥 내당삼익뉴타운점,대구광역시 서구 평리로 254 (내당동) 삼능빌딩 B동
본죽 대구중동교점,대구광역시 수성구 청수로 11 (중동)
본죽 대구수성구청점,대구광역시 수성구 달구벌대로 2474 (범어동) 1층
본죽 대구복현동점,대구광역시 북구 동북로 280 (복현동)
본죽 대구산격점,"대구광역시 북구 동북로 163 (산격동, 산격대우아파트) 101동 104호"
본죽 대구동서변점,"대구 북구 호국로 219 (서변동, 대성골든프라자1차) 132호"
본죽 대구방촌점,"대구광역시 동구 화랑로80길 8 (방촌동, 우방강촌마을아파트) 우방강촌마을 147-103"
본죽 대구다사죽곡점,대구광역시 달성군 다사읍 달구벌대로 889 1층 102호
본죽 대구성서강창역점[동산병원],"대구광역시 달서구 호산로 125 (파호동, 삼성명가타운상가) 1층 122호"
본죽 대구대곡점,대구광역시 달서구 한실로 95 (도원동) 1층
본죽 동대구시장점,대구광역시 동구 신암로 72 (신암동)
본죽 대구옥포점,대구광역시 달성군 옥포면 돌미상업로 9. 1층 109호
