매장명,매장주소
본죽 김해삼계점,"경상남도 김해시 해반천로130번길 39 (삼계동, 코아루센텀 오피스텔)"
본 죽&비빔밥 마산호계점,"경상남도 창원시 마산회원구 내서읍 호원로 311 (호계리, 호계리치프라자) 105호"
본도시락 마산신포점,"경상남도 창원시 마산합포구 동서동3길 16(신포동1가, 신우희가로밀리온) 1층"
본도시락 진해석동점,"경남 창원시 진해구 냉천로 160 (자은동, 자은빌딩) 109호"
본 죽&비빔밥 김해율하2지구점,경상남도 김해시 율하로 488-1 (장유동) 110호
(취소)본도시락 진해석동점,"경상남도 창원시 진해구 냉천로 160 (자은동, 자은빌딩) 109호"
본 죽&비빔밥 양산삼성동점,경상남도 양산시 북정로 19 (북정동)
본 죽&비빔밥 진주한일병원점,경상남도 진주시 범골로 56 (충무공동) 102호
본설렁탕 창원시청점,"경상남도 창원시 성산구 용지로 159 (용호동, 대구은행빌딩) 107호"
본 죽&비빔밥 양산남부시장점,"경상남도 양산시 중앙로 136 (중부동, 서강한의원) 1층"
본설렁탕 양산증산점,"경상남도 양산시 물금읍 백호로 96 (가촌리, 미소프라자) 101호"
본 죽&비빔밥 거제아주점,경상남도 거제시 아주로 40 (아주동) 1층
본 죽&비빔밥 마산내서점,"경상남도 창원시 마산회원구 내서읍 삼계로 2 (삼계리, 삼계웰빙프라자빌딩) 112호"
본 죽&비빔밥 창원팔용점,"경상남도 창원시 의창구 팔용로 428 (팔용동, 드림피아) 114호"
본도시락 양산시청점,"경상남도 양산시 양산역로 85 (중부동, 시티타워) 1층 120호"
본도시락 양산서창점,"경상남도 양산시 서창로 65 (명동, 서광빌딩) 1층"
본 죽&비빔밥 삼천포점,경상남도 사천시 남일로 4 (동금동) 1층
본 죽&비빔밥 경남고성점,경상남도 고성군 고성읍 중앙로 60-1 (동외리) 1층
본 죽&비빔밥 마산산호점,경상남도 창원시 마산합포구 합포로 261 (산호동) 1층
본 죽&비빔밥 밀양점,경상남도 밀양시 석정로 37 (내일동) 1층
본 죽&비빔밥 진해자은점,"경상남도 창원시 진해구 냉천로 106 (자은동, 성원아파트) 1층"
본도시락 양산물금점,"경상남도 양산시 물금읍 삽량로 36 (범어리, 스타프라자 빌딩) 117호"
본도시락 삼천포점,"경상남도 사천시 벌리로 6 (벌리동, 신라장) 1층"
본 죽&비빔밥 통영죽림점,경남 통영시 광도면 죽림4로 52 (죽림리) 1층
본 죽&비빔밥 진주역점,"경상남도 진주시 진주역로 116 (가좌동, 더퍼스트웰가시티) 107호"
본도시락 창원시티세븐점,"경상남도 창원시 성산구 원이대로 320 (대원동, 더시티세븐) G동 120호"
본도시락 경남사천점,경남 사천시 사천읍 수석리 320-15 1층
본도시락 김해율하점,경상남도 김해시 율하2로 224 (율하동)
본도시락 양산증산점,"경상남도 양산시 물금읍 새실로 159 (가촌리, 나래메트로시티) 106호"
본 죽&비빔밥 김해율하점,경상남도 김해시 율하3로 37 (율하동) 101호
본 죽&비빔밥 창원유니시티점,경남 창원시 의창구 중동중앙로 47 (중동) 1층
본도시락 김해내외동점,경상남도 김해시 경원로55번길 38 (내동) 102호
본 죽&비빔밥 김해휴앤락몰점,경상남도 김해시 내외중앙로 137 (내동) 118호
본도시락 마산역점,"경남 창원시 마산회원구 3.15대로 711 (석전동, 대아빌딩) 101호"
본죽 창원무동점,경상남도 창원시 의창구 북면 무동로226번길 18 107호
본죽 창원도계점,경상남도 창원시 의창구 태복산로23번길 39 (도계동) 101호
본도시락 진주시청점,경상남도 진주시 모덕로 175 (상대동) 1층
본 죽&비빔밥 김해가야대역점,경상남도 김해시 가야로 26 (삼계동)
본 죽&비빔밥 창원한마음병원점,경상남도 창원시 의창구 용동로 45 (사림동) 202-1호
본도시락 진주혁신점,경상남도 진주시 에나로77번길 4 (충무공동) 크리스탈빌딩 103호
본도시락 김해시청점,경상남도 김해시 호계로 436 (부원동)
본도시락 마산양덕점,"경상남도 창원시 마산회원구 삼호로 80 (양덕동, 메트로시티2단지) 210동 128호"
본 죽&비빔밥 김해주촌점,경상남도 김해시 주촌면 선지로46번길 5-11
본도시락 진주평거점,경상남도 진주시 진양호로 325 (신안동) 1층
본 죽&비빔밥 양산부산대병원점,경상남도 양산시 물금읍 화합2길 8
본도시락 창원대방점,"경상남도 창원시 성산구 가양로124번길 1 (대방동, 무궁화빌딩) 1동 1층 103호"
본죽 양산석산점,경상남도 양산시 동면 금오2길 67
본 죽&비빔밥 진주하대점,경상남도 진주시 도동로 235 (하대동) 1층
본죽 진주평안점,경남 진주시 진주대로1108번길 2 (평안동) b동
본도시락 밀양점,경상남도 밀양시 백민로 27 (내이동)
본 죽&비빔밥 창원명곡점,"경상남도 창원시 의창구 지귀로12번길 30 (봉곡동, 스카이빌딩)"
(전환)본죽 마산호계점,경상남도 창원시 마산회원구 내서읍 호원로 311 호계리치프라자 105호
본죽 진주가좌점,경상남도 진주시 동부로 1 (가좌동)
본죽 신마산점,"경상남도 창원시 마산합포구 월영동로 7 (해운동, 킴즈타운) 킴즈타운 104호"
본죽 창녕남지점,경상남도 창녕군 남지읍 낙동로 519
본죽 진해장천점,"경상남도 창원시 진해구 충장로657번길 28, 1층 118호(장천동,이임시티빌딩)"
본도시락 창원팔용점,경상남도 창원시 의창구 사화로 76-1
본 죽&비빔밥 진해석동점,경상남도 창원시 진해구 진해대로776번길 5-1 (석동)
본 죽&비빔밥 진주신안점,경상남도 진주시 진양호로 299 (신안동)
본죽 경남하동점,경상남도 하동군 하동읍 중앙로 13
본죽 양산서창점,경상남도 양산시 서창로 176 (삼호동)
본죽 진해신항점,"경상남도 창원시 진해구 신항동로 141 (용원동, 애플타운헤리티지) 106호"
본죽 진주시청점,경상남도 진주시 동진로 160 (상대동)
본 죽&비빔밥 김해진영점,경상남도 김해시 진영읍 김해대로361번길 12 (진영읍) 시티프라자 103호
본 죽&비빔밥 진주초전점,경상남도 진주시 초전북로 74 (초전동) 금광빌 1층
본죽 김해장유대청점,"경상남도 김해시 번화1로80번길 15 (대청동, 다성빌딩)"
본죽 창원중앙동점,"경상남도 창원시 성산구 용지로133번길 13 (중앙동, 웅남상가) 1층"
본도시락 김해진영점,경상남도 김해시 진영읍 장등로 30-1
본죽 창원가음점,"경상남도 창원시 성산구 원이대로863번길 19 (가음동, 창원더샵센트럴파크) 2단지상가 101호"
본 죽&비빔밥 마산석전양덕점,경상남도 창원시 마산회원구 3·15대로 654 (석전동) 1층
본도시락 진해용원점,경상남도 창원시 진해구 용재로47번길 8 (용원동)
본죽 마산현동점,경상남도 창원시 마산합포구 현동7길 32 (현동) 208호
본죽 양산덕계점,경상남도 양산시 덕계로 56 (덕계동) (덕계동)1층
본도시락 거제고현점,경상남도 거제시 거제중앙로 1911-1 정원빌딩
본죽 진해충무점,경상남도 창원시 진해구 충장로 102-1
본죽 진주평거점,경상남도 진주시 진양호로225번길 8 원정로열팰리스 103동 101호
본죽 마산연세병원점,경상남도 창원시 마산합포구 문화동3길 2 (월남동2가) 1층
본죽 마산중앙점,"경상남도 창원시 마산합포구 3·15대로 240-1 (중앙동3가, 가덕여관) 1층"
본죽 통영항남점,경상남도 통영시 새터길 75-5
본죽 통영점,경상남도 통영시 원문로 11 진우마리나타운101-6
본 죽&비빔밥 김해내외동점,경상남도 김해시 내외중앙로 68 (내동)
본죽 창원반송점,경상남도 창원시 성산구 반송로 148-16 (반림동)
본 죽&비빔밥 양산물금역점,경남 양산시 물금읍 물금1길 14 (물금리) 세현타워102호
본 죽&비빔밥 창원스카이웰빙점,"경상남도 창원시 성산구 동산로 122 (상남동, 스카이웰빙파크) 스카이웰빙파크 119-1호"
본죽 김해서상점,경상남도 김해시 가락로 76-1 (서상동)
본도시락 진주경상국립대점,경상남도 진주시 진주대로920번길 18
본죽 마산회원동점,"경상남도 창원시 마산회원구 북성로 138 (회원동, 천지리치빌) 천지리치빌 104호"
본 죽&비빔밥 진주혁신중앙점,경상남도 진주시 충의로 20-37 (충무공동) 배재2빌딩 108호
본죽 양산통도사점,경상남도 양산시 하북면 통도사로 38 (현문학원) 1층
본도시락 창원중앙점,"경상남도 창원시 성산구 용지로 161 (용호동, 경남빌딩) 101호"
본 죽&비빔밥 창원감계점,경상남도 창원시 의창구 북면 감계로110번길 54-7 (북면) 1층
본도시락 마산경남대점,경상남도 창원시 마산합포구 월영동서로 15 (해운동)
본죽 창원경상대학교병원점,경상남도 창원시 성산구 삼정자로 11 창원경상대학교병원 지하 1층
본죽 마산합성점,경상남도 창원시 마산회원구 합성옛길 136 (합성동)
본죽 양산증산점,경상남도 양산시 물금읍 야리로 45
본죽 진주평거더퀸즈웰가점,경상남도 진주시 새평거로 25 더 퀸즈 웰가 103호 상가2동
본도시락 김해장유대청점,경상남도 김해시 번화1로 82 (대청동) 옥스포드빌딩 110호
본도시락 창원상남점,경상남도 창원시 성산구 원이대로 678 (상남동)
본죽 김해삼방점,경상남도 김해시 삼안로 229 (삼방동)
본죽 거제중곡점,"경상남도 거제시 중곡로 40 (고현동, 덕산베스트타운) 덕산베스트타운 20동 118호"
본 죽&비빔밥 거제고현점,경상남도 거제시 서문로 73 (고현동) 1층 102호
본죽 함안점,경상남도 함안군 가야읍 가야로 51
본죽 마산오동동점,경상남도 창원시 마산합포구 오동동10길 73 서광아침의빛상가 102호
본죽 경남의령점,경상남도 의령군 의령읍 의병로 227
본죽 창녕점,경상남도 창녕군 창녕읍 종로 20
본죽 남해점,경상남도 남해군 남해읍 화전로 54-1
본죽 함양점,경상남도 함양군 함양읍 용평중앙길 7-10 1층
본죽 합천점,경상남도 합천군 합천읍 충효로 73-1 (합천리) 교동 593-3
본죽 경남거창점,경상남도 거창군 거창읍 중앙로 150-1
본죽 창원소답점,경상남도 창원시 의창구 읍성로 64 (소답동) 1층
본죽 창원대방동점,경상남도 창원시 성산구 가양로124번길 13 (대방동) 엑스몰상가 106
본죽 진해용원동점,"경상남도 창원시 진해구 용재로 18 (용원동, 뉴타운BD)"
본죽 진주이현점,경상남도 진주시 서장대로 276-1 (이현동)
본죽 진주칠암점,경상남도 진주시 동진로 21 (칠암동)
본죽 양산점,경상남도 양산시 양산역6길 17 (중부동) 청림타워1층 101호
본죽 김해어방점,경상남도 김해시 인제로 159 (어방동)
본죽 김해구산로타리점,경상남도 김해시 구산로 38 (구산동)
본죽 김해장유삼문점,경남 김해시 능동로155번길 2 (부곡동) 월드피아상가 102호
본죽 김해복음병원점,경상남도 김해시 활천로 38 (삼정동)
본죽 경남거제옥포점,"경상남도 거제시 옥포대첩로 45 (옥포동, 건웅데파트) 건웅데파트 6호"
본죽 창원상남점,"경상남도 창원시 성산구 단정로 9 (상남동, 토토스빌딩) 101호"
