매장명,매장주소
본 죽&비빔밥 인천마전동점,인천광역시 서구 마전동 1140-5 102호
본 죽&비빔밥 인천인하대역점,"인천광역시 미추홀구 독배로 311 (용현동, 비젼프라자) 1층 제102호"
본 죽&비빔밥 인천청라호수공원점,인천광역시 서구 청라한내로 96 (청라동) 하엘에스페이스 제 1층 102호
본도시락 인천계양구청점,"인천광역시 계양구 도두리로 33 (계산동, 상산빌딩) 104호"
본 죽&비빔밥 인천갈산점,"인천광역시 부평구 주부토로 182 (갈산동, 승전빌딩) 104호"
본 죽&비빔밥 인천도화점,"인천광역시 미추홀구 숙골로87번길 2 (도화동, 센타프라자) 센터프라자 101호"
본 죽&비빔밥 인천소래역점,인천광역시 남동구 앵고개로 928 (논현동) 115호
본 죽&비빔밥 인천작전동점,인천광역시 계양구 효서로 233 (작전동)
본 죽&비빔밥 송도랜드마크시티더샵점,"인천광역시 연수구 랜드마크로 68 (송도동, 랜드마크시티센트럴더샵) 1층 79호"
본도시락 영종하늘도시점,인천광역시 중구 자연대로 37 (중산동) 스카이가든 115호
본 죽&비빔밥 인천보훈병원점,인천광역시 미추홀구 인주대로 148 (용현동) 115호
본 죽&비빔밥 인천부평부개동점,"인천광역시 부평구 길주남로 158 (부개동, 부개프라자) 부개프라자 109호"
본도시락 송도글로벌캠퍼스점,"인천광역시 연수구 송도문화로28번길 28 (송도동, 송도글로벌캠퍼스푸르지오) 201동 115호"
본 죽&비빔밥 인천한화에코점,인천광역시 남동구 에코중앙로156번길 5-21 (논현동) 101호
본 죽&비빔밥 인천계양점,"인천광역시 계양구 계산새로 71 (계산동, 하이베라스) D동 107호"
본 죽&비빔밥 인천제물포역점,인천광역시 미추홀구 수봉로27번길 4 (숭의동) 101호
본 죽&비빔밥 인천경인교대역점,인천광역시 계양구 계양대로 157 (계산동) 1층
본도시락 인천논현점,"인천광역시 남동구 앵고개로847번길 80-9 (논현동, 뉴가산시티) 1층 121호"
본 죽&비빔밥 인천동암역점,인천광역시 부평구 열우물로 22 (십정동) 부림빌딩 1층
본 죽&비빔밥 송도글로벌캠퍼스점,"인천 연수구 송도문화로28번길 28 (송도동, 송도글로벌캠퍼스푸르지오) 203동 3-127호"
본 죽&비빔밥 송도퍼스트파크점,"인천광역시 연수구 컨벤시아대로230번길 42 (송도동, 송도아라플라자) 109호"
본설렁탕 인천루원시티점,인천 서구 새오개로111번안길 19-1 (신현동) 108호
본 죽&비빔밥 인천선학점,인천 연수구 선학동 411-1 1층
본죽 인천학익점,인천광역시 미추홀구 매소홀로 468 (학익동) 목향빌딩내 1층
본 죽&비빔밥 인천경서점,"인천광역시 서구 경서로69번길 12 (경서동, 상현빌딩)"
본죽 인천임학역점,인천광역시 계양구 장제로 899 (임학동)
본 죽&비빔밥 인천백운역점,인천광역시 부평구 경원대로 1254 (산곡동)
본도시락 인천검단점,"인천광역시 서구 원당대로 638 (당하동, 경원하이뷰) 101호"
본도시락 인천삼산점,인천광역시 부평구 장제로 226 (부개동) 1층 일부
본 죽&비빔밥 구월아시아드점,"인천광역시 남동구 인하로 616 (구월동, 커뮤니티프라자) 1층 111호"
본죽 인천관교점,인천광역시 남동구 문화서로4번길 40 (구월동) 1층
본죽 부평영아사거리점,인천광역시 부평구 마장로 396-1 (청천동) 1층
본 죽&비빔밥 인천논현점,"인천광역시 남동구 논고개로 117 (논현동, 메트로타워) 101호"
본도시락 영종도운서점,"인천광역시 중구 영종대로 120 (운서동, 두손에어파스텔) 1층 102호"
본 죽&비빔밥 인천용현2동점,인천광역시 미추홀구 낙섬중로 98 (용현동)
본 죽&비빔밥 인천주안점,"인천광역시 미추홀구 미추홀대로 716 (주안동, 메인프라자) 104호"
본도시락 인천청라점,"인천광역시 서구 청라라임로 57 (청라동, 영화블렌하임)"
본 죽&비빔밥 인천연희연세병원점,인천광역시 서구 서곶로369번길 22 (연희동) 104호
본 죽&비빔밥 영종운서넙디점,인천광역시 중구 영종대로327번길 4 (운서동) 1층
본 죽&비빔밥 인천신기점,인천광역시 미추홀구 인하로 255 (주안동)
본도시락 인천서창점,인천광역시 남동구 서창방산로158번길 2 (서창동) 허브빌딩
본죽 인천구월점,"인천광역시 남동구 성말로13번길 15 (구월동, 메인프라자) 메인프라자 127호"
본도시락 인천구월점,인천광역시 남동구 선수촌공원로 25 103호
본죽 인천서운점,인천광역시 계양구 효서로 366 (작전동) 1층
본죽 인천부평남부역점,인천광역시 부평구 경인로 951 (부평동) 1층
본죽 송도캠퍼스타운점,"인천광역시 연수구 송도과학로27번길 55, B-103호"
본죽 인천검단점,인천광역시 서구 완정로 144 프라임타워 108호
본죽 인천석바위점,인천광역시 남구 경원대로864번길 10 (주안동) 아카데미프라자 1층 103호
본죽 인천삼산점,인천광역시 부평구 체육관로 34 (삼산동) 이리옴프라자 102호
본 죽&비빔밥 송도신도시점,인천광역시 연수구 컨벤시아대로 69 송도밀레니엄 1층 136호
본죽 인천효성점,인천광역시 계양구 안남로 571 (효성동) 1층
본죽 부평부개역점,인천광역시 부평구 수변로 8 파워프라자 112호 (부개동)
본 죽&비빔밥 인천청라신도시점,인천광역시 서구 푸른로8번안길 6 (경서동)
본도시락 부평역점,"인천광역시 부평구 경원대로 1415 파라움, 1층 102호"
본 죽&비빔밥 인천부평점,인천광역시 부평구 부평문화로 51 1층
본죽 인천호구포역점,"인천광역시 남동구 호구포로 212 (논현동, 대양프라자빌딩) 103호"
본 죽&비빔밥 인천연수점,인천광역시 연수구 먼우금로 194 (연수동) 두손메카 106호
본도시락 인천길병원점,"인천광역시 남동구 구월남로 163 (구월동, 토성프라자) 101호"
본죽 인천간석남부역점,인천광역시 남동구 주안로 231 (간석동) 1층
본죽 인천청학점,"인천광역시 연수구 용담로 3 (청학동, 시대아파트) 소망마트상가 101-5호"
본도시락 인하대점,인천광역시 남구 능해길 8 (용현동) 1층
본죽 인천원당점,"인천광역시 서구 원당대로 876 (당하동, 희림타워) 103호"
본죽 인천롯데캐슬힐스테이트점,"인천광역시 남동구 용천로 82 (구월동, 다옴프라자) 109호"
본죽 인천가정점,인천광역시 서구 염곡로498번안길 20(가정동) 제이에스프라자 103호
본죽 인천옥련점,인천광역시 연수구 독배로 41 (옥련동) 인영빌딩 1층
본죽 동인천점,"인천광역시 중구 우현로83번길 1 (인현동, 본죽) 1층"
본죽 인천송림동점,인천광역시 동구 송림로 95-1 (송림동) 1층
본죽 공항신도시점,인천광역시 중구 영종대로 84 (운서동) 신공항파크빌1층
본죽 인천작전역점,"인천광역시 계양구 봉오대로 671 (작전동, 우남푸르미아) 우남푸르미아 102호"
본죽 인천만수점,"인천광역시 남동구 장승남로 38 (만수동, 반달프라자) 1층 104호"
본 죽&비빔밥 인천송도포스코점,인천광역시 연수구 해돋이로 116 (송도동) 센트럴프라자 103호
본죽 인천서구청점,인천광역시 서구 탁옥로 57 1층
본죽 인천모래내시장점,인천광역시 남동구 호구포로 786 (구월동) 1층
본죽 인천학산사거리점,인천광역시 남구 매소홀로 355 (학익동) 109
본죽 인천길병원점,인천광역시 남동구 남동대로 784 2층
본도시락 인천연수점,인천광역시 연수구 먼우금로 194 (연수동) 두손메카오피스텔 101호
본도시락 인천주안점,인천광역시 남구 주안1동 141-5
본도시락 인천송도신도시점,"인천광역시 연수구 해돋이로 107 (송도동, 송도 더샵 퍼스트월드) 상가G동 67호, 53호"
본도시락 인천서구청점,"인천광역시 서구 탁옥로 90 (심곡동, 덕산빌딩) 105호"
본죽 인천송도역점,인천광역시 연수구 한나루로 190 (옥련동) 송도프라자 1층
본죽 인천신현점,인천광역시 서구 가정로 364 (가정동) 1층
본죽 인천불로동점,"인천광역시 서구 검단로 842 (불로동, 월드불로마트) 월드아파트 1층 151호"
본죽 인천당하점,인천광역시 서구 청마로 167번길 16 당하프라자 104호
본죽 인천간석사거리점,인천광역시 남동구 호구포로 914 1층
본 죽&비빔밥 인천청라엑슬루타워점,인천광역시 서구 중봉대로586번길 22 엑슬루타워 B동 107호
본 죽&비빔밥 인천신포동점,인천광역시 중구 신포로 18-1 (신생동)
본 죽&비빔밥 인천송도웰카운티점,"인천광역시 연수구 인천타워대로54번길 9 (송도동) 29,21번지"
본 죽&비빔밥 인천검암점,인천광역시 서구 승학로 577 (검암동) 장은프라자 110호
본죽 강화점,인천광역시 강화군 강화읍 강화대로 401
본죽 인천동양점,인천광역시 계양구 양지로 8-1 (동양동)
본죽 인천계산4동점,인천광역시 계양구 용종로 2 (계산동) 계산프라자 103호
본죽 인천계산역점,인천광역시 계양구 경명대로 1096 (계산동) 계산메디칼센타 106호
본죽 인천신연수역점,"인천광역시 연수구 함박뫼로 250 (연수동, 풍림1차아파트) 107호"
본죽 인천동춘점,인천광역시 연수구 앵고개로 260 (동춘동) 맘모스빌딩 104호
본죽 인천청라롯데캐슬점,인천광역시 서구 청라커낼로 252 청라롯데캐슬상가 D동 103호
본죽 인천석남점,인천광역시 서구 가정로 187 (석남동) 1층
본죽 인천가좌점,인천광역시 서구 원적로 77 (가좌동) 1층
본죽 인천청천점,인천광역시 부평구 마장로 456 (청천동) 1층
본죽 인천삼산미래타운점,인천광역시 부평구 부평북로 446 (삼산동) 103호 (부평북로 446
본죽 인천부평산곡점,인천광역시 부평구 안남로 269 대우푸르지오상가 107호
본죽 영종하늘도시점,인천광역시 중구 하늘중앙로195번길 29 (중산동) 진로프라자 1층 109호
본죽 인천송현점,인천광역시 동구 화수로 7 (송현동) 센타빌딩 101호
본죽 인천서창2지구점,인천광역시 남동구 서창남순환로 222 서창센타프라자 107호
본죽 인천서창점,인천광역시 남동구 장아산로 134-4 (서창동) 104호
본죽 인천만수주공점,인천광역시 남동구 만수로 55 (만수동) 1층
본죽 인천길병원암센터점,인천광역시 남동구 구월남로 163 (구월동) 토성프라자 105-1호
본죽 인천간석동점,인천광역시 남동구 남동대로 886 (간석동) 102호
본죽 주안북부역점,인천광역시 남구 염창로 55 (주안동) 1층
본죽 인천용현점,인천광역시 남구 매소홀로 63 (용현동) 대신프라자 1층102호
본죽 송도센트럴파크점,인천광역시 연수구 센트럴로 232 더샵센트럴파크1상가 D동 109호
본죽 인천만수역점,인천광역시 남동구 구월로 352 (만수동) 1층
